# Φ10/,10,7.85,#Φ10/10,,# Φ12/,10,11.31,#Φ12/10,,# Φ14/,10,15.39,#Φ14/10,,# Φ16/,10,20.11,#Φ16/10,,# Φ18/,10,25.45,#Φ18/10,,# Φ20/,10,31.42,#Φ20/10
# Φ10/,10.5,7.48,#Φ10/10.5,,# Φ12/,10.5,10.77,#Φ12/10.5,,# Φ14/,10.5,14.66,#Φ14/10.5,,# Φ16/,10.5,19.15,#Φ16/10.5,,# Φ18/,10.5,24.24,#Φ18/10.5,,# Φ20/,10.5,29.92,#Φ20/10.5
# Φ10/,11,7.14,#Φ10/11,,# Φ12/,11,10.28,#Φ12/11,,# Φ14/,11,13.99,#Φ14/11,,# Φ16/,11,18.28,#Φ16/11,,# Φ18/,11,23.13,#Φ18/11,,# Φ20/,11,28.56,#Φ20/11
# Φ10/,11.5,6.83,#Φ10/11.5,,# Φ12/,11.5,9.83,#Φ12/11.5,,# Φ14/,11.5,13.39,#Φ14/11.5,,# Φ16/,11.5,17.48,#Φ16/11.5,,# Φ18/,11.5,22.13,#Φ18/11.5,,# Φ20/,11.5,27.32,#Φ20/11.5
# Φ10/,12,6.54,#Φ10/12,,# Φ12/,12,9.42,#Φ12/12,,# Φ14/,12,12.83,#Φ14/12,,# Φ16/,12,16.76,#Φ16/12,,# Φ18/,12,21.21,#Φ18/12,,# Φ20/,12,26.18,#Φ20/12
# Φ10/,12.5,6.28,#Φ10/12.5,,# Φ12/,12.5,9.05,#Φ12/12.5,,# Φ14/,12.5,12.32,#Φ14/12.5,,# Φ16/,12.5,16.08,#Φ16/12.5,,# Φ18/,12.5,20.36,#Φ18/12.5,,# Φ20/,12.5,25.13,#Φ20/12.5
# Φ10/,13,6.04,#Φ10/13,,# Φ12/,13,8.7,#Φ12/13,,# Φ14/,13,11.84,#Φ14/13,,# Φ16/,13,15.47,#Φ16/13,,# Φ18/,13,19.57,#Φ18/13,,# Φ20/,13,24.17,#Φ20/13
# Φ10/,13.5,5.82,#Φ10/13.5,,# Φ12/,13.5,8.38,#Φ12/13.5,,# Φ14/,13.5,11.4,#Φ14/13.5,,# Φ16/,13.5,14.89,#Φ16/13.5,,# Φ18/,13.5,18.85,#Φ18/13.5,,# Φ20/,13.5,23.27,#Φ20/13.5
# Φ10/,14,5.61,#Φ10/14,,# Φ12/,14,8.08,#Φ12/14,,# Φ14/,14,11,#Φ14/14,,# Φ16/,14,14.36,#Φ16/14,,# Φ18/,14,18.18,#Φ18/14,,# Φ20/,14,22.44,#Φ20/14
# Φ10/,14.5,5.42,#Φ10/14.5,,# Φ12/,14.5,7.8,#Φ12/14.5,,# Φ14/,14.5,10.62,#Φ14/14.5,,# Φ16/,14.5,13.87,#Φ16/14.5,,# Φ18/,14.5,17.55,#Φ18/14.5,,# Φ20/,14.5,21.67,#Φ20/14.5
# Φ10/,15,5.24,#Φ10/15,,# Φ12/,15,7.54,#Φ12/15,,# Φ14/,15,10.26,#Φ14/15,,# Φ16/,15,13.4,#Φ16/15,,# Φ18/,15,16.96,#Φ18/15,,# Φ20/,15,20.94,#Φ20/15
# Φ10/,15.5,5.07,#Φ10/15.5,,# Φ12/,15.5,7.3,#Φ12/15.5,,# Φ14/,15.5,9.93,#Φ14/15.5,,# Φ16/,15.5,12.97,#Φ16/15.5,,# Φ18/,15.5,16.42,#Φ18/15.5,,# Φ20/,15.5,20.27,#Φ20/15.5
# Φ10/,16,4.91,#Φ10/16,,# Φ12/,16,7.07,#Φ12/16,,# Φ14/,16,9.62,#Φ14/16,,# Φ16/,16,12.57,#Φ16/16,,# Φ18/,16,15.9,#Φ18/16,,# Φ20/,16,19.63,#Φ20/16
# Φ10/,16.5,4.76,#Φ10/16.5,,# Φ12/,16.5,6.85,#Φ12/16.5,,# Φ14/,16.5,9.33,#Φ14/16.5,,# Φ16/,16.5,12.19,#Φ16/16.5,,# Φ18/,16.5,15.42,#Φ18/16.5,,# Φ20/,16.5,19.04,#Φ20/16.5
# Φ10/,17,4.62,#Φ10/17,,# Φ12/,17,6.65,#Φ12/17,,# Φ14/,17,9.06,#Φ14/17,,# Φ16/,17,11.83,#Φ16/17,,# Φ18/,17,14.97,#Φ18/17,,# Φ20/,17,18.48,#Φ20/17
# Φ10/,17.5,4.49,#Φ10/17.5,,# Φ12/,17.5,6.46,#Φ12/17.5,,# Φ14/,17.5,8.8,#Φ14/17.5,,# Φ16/,17.5,11.49,#Φ16/17.5,,# Φ18/,17.5,14.54,#Φ18/17.5,,# Φ20/,17.5,17.95,#Φ20/17.5
# Φ10/,18,4.36,#Φ10/18,,#Φ12/,18,6.28,#Φ12/18,,# Φ14/,18,8.55,#Φ14/18,,# Φ16/,18,11.17,#Φ16/18,,# Φ18/,18,14.14,#Φ18/18,,# Φ20/,18,17.45,#Φ20/18
# Φ10/,18.5,4.25,#Φ10/18.5,,# Φ12/,18.5,6.11,#Φ12/18.5,,# Φ14/,18.5,8.32,#Φ14/18.5,,# Φ16/,18.5,10.87,#Φ16/18.5,,# Φ18/,18.5,13.76,#Φ18/18.5,,# Φ20/,18.5,16.98,#Φ20/18.5
# Φ10/,19,4.13,#Φ10/19,,# Φ12/,19,5.95,#Φ12/19,,# Φ14/,19,8.1,#Φ14/19,,# Φ16/,19,10.58,#Φ16/19,,# Φ18/,19,13.39,#Φ18/19,,# Φ20/,19,16.53,#Φ20/19
# Φ10/,19.5,4.03,#Φ10/19.5,,# Φ12/,19.5,5.8,#Φ12/19.5,,# Φ14/,19.5,7.89,#Φ14/19.5,,# Φ16/,19.5,10.31,#Φ16/19.5,,# Φ18/,19.5,13.05,#Φ18/19.5,,# Φ20/,19.5,16.11,#Φ20/19.5
# Φ10/,20,3.93,#Φ10/20,,# Φ12/,20,5.65,#Φ12/20,,# Φ14/,20,7.7,#Φ14/20,,# Φ16/,20,10.05,#Φ16/20,,# Φ18/,20,12.72,#Φ18/20,,# Φ20/,20,15.71,#Φ20/20
# Φ10/,20.5,3.83,#Φ10/20.5,,# Φ12/,20.5,5.52,#Φ12/20.5,,# Φ14/,20.5,7.51,#Φ14/20.5,,# Φ16/,20.5,9.81,#Φ16/20.5,,# Φ18/,20.5,12.41,#Φ18/20.5,,# Φ20/,20.5,15.32,#Φ20/20.5
# Φ10/,21,3.74,#Φ10/21,,# Φ12/,21,5.39,#Φ12/21,,# Φ14/,21,7.33,#Φ14/21,,# Φ16/,21,9.57,#Φ16/21,,# Φ18/,21,12.12,#Φ18/21,,# Φ20/,21,14.96,#Φ20/21
# Φ10/,21.5,3.65,#Φ10/21.5,,# Φ12/,21.5,5.26,#Φ12/21.5,,# Φ14/,21.5,7.16,#Φ14/21.5,,# Φ16/,21.5,9.35,#Φ16/21.5,,# Φ18/,21.5,11.84,#Φ18/21.5,,# Φ20/,21.5,14.61,#Φ20/21.5
# Φ10/,22,3.57,#Φ10/22,,# Φ12/,22,5.14,#Φ12/22,,# Φ14/,22,7,#Φ14/22,,# Φ16/,22,9.14,#Φ16/22,,# Φ18/,22,11.57,#Φ18/22,,# Φ20/,22,14.28,#Φ20/22
# Φ10/,22.5,3.49,#Φ10/22.5,,# Φ12/,22.5,5.03,#Φ12/22.5,,# Φ14/,22.5,6.84,#Φ14/22.5,,# Φ16/,22.5,8.94,#Φ16/22.5,,# Φ18/,22.5,11.31,#Φ18/22.5,,# Φ20/,22.5,13.96,#Φ20/22.5
# Φ10/,23,3.41,#Φ10/23,,# Φ12/,23,4.92,#Φ12/23,,# Φ14/,23,6.69,#Φ14/23,,# Φ16/,23,8.74,#Φ16/23,,# Φ18/,23,11.06,#Φ18/23,,# Φ20/,23,13.66,#Φ20/23
# Φ10/,23.5,3.34,#Φ10/23.5,,# Φ12/,23.5,4.81,#Φ12/23.5,,# Φ14/,23.5,6.55,#Φ14/23.5,,# Φ16/,23.5,8.56,#Φ16/23.5,,# Φ18/,23.5,10.83,#Φ18/23.5,,# Φ20/,23.5,13.37,#Φ20/23.5
# Φ10/,24,3.27,#Φ10/24,,# Φ12/,24,4.71,#Φ12/24,,# Φ14/,24,6.41,#Φ14/24,,# Φ16/,24,8.38,#Φ16/24,,# Φ18/,24,10.6,#Φ18/24,,# Φ20/,24,13.09,#Φ20/24
# Φ10/,24.5,3.21,#Φ10/24.5,,# Φ12/,24.5,4.62,#Φ12/24.5,,# Φ14/,24.5,6.28,#Φ14/24.5,,# Φ16/,24.5,8.21,#Φ16/24.5,,# Φ18/,24.5,10.39,#Φ18/24.5,,# Φ20/,24.5,12.82,#Φ20/24.5
# Φ10/,25,3.14,#Φ10/25,,# Φ12/,25,4.52,#Φ12/25,,# Φ14/,25,6.16,#Φ14/25,,# Φ16/,25,8.04,#Φ16/25,,# Φ18/,25,10.18,#Φ18/25,,# Φ20/,25,12.57,#Φ20/25
# Φ10/,25.5,3.08,#Φ10/25.5,,# Φ12/,25.5,4.44,#Φ12/25.5,,# Φ14/,25.5,6.04,#Φ14/25.5,,# Φ16/,25.5,7.88,#Φ16/25.5,,# Φ18/,25.5,9.98,#Φ18/25.5,,# Φ20/,25.5,12.32,#Φ20/25.5
# Φ10/,26,3.02,#Φ10/26,,# Φ12/,26,4.35,#Φ12/26,,# Φ14/,26,5.92,#Φ14/26,,# Φ16/,26,7.73,#Φ16/26,,# Φ18/,26,9.79,#Φ18/26,,# Φ20/,26,12.08,#Φ20/26
# Φ10/,26.5,2.96,#Φ10/26.5,,# Φ12/,26.5,4.27,#Φ12/26.5,,# Φ14/,26.5,5.81,#Φ14/26.5,,# Φ16/,26.5,7.59,#Φ16/26.5,,# Φ18/,26.5,9.6,#Φ18/26.5,,# Φ20/,26.5,11.86,#Φ20/26.5
# Φ10/,27,2.91,#Φ10/27,,# Φ12/,27,4.19,#Φ12/27,,# Φ14/,27,5.7,#Φ14/27,,# Φ16/,27,7.45,#Φ16/27,,# Φ18/,27,9.42,#Φ18/27,,# Φ20/,27,11.64,#Φ20/27
# Φ10/,27.5,2.86,#Φ10/27.5,,# Φ12/,27.5,4.11,#Φ12/27.5,,# Φ14/,27.5,5.6,#Φ14/27.5,,# Φ16/,27.5,7.31,#Φ16/27.5,,# Φ18/,27.5,9.25,#Φ18/27.5,,# Φ20/,27.5,11.42,#Φ20/27.5
# Φ10/,28,2.8,#Φ10/28,,# Φ12/,28,4.04,#Φ12/28,,# Φ14/,28,5.5,#Φ14/28,,# Φ16/,28,7.18,#Φ16/28,,# Φ18/,28,9.09,#Φ18/28,,# Φ20/,28,11.22,#Φ20/28
# Φ10/,28.5,2.76,#Φ10/28.5,,# Φ12/,28.5,3.97,#Φ12/28.5,,# Φ14/,28.5,5.4,#Φ14/28.5,,# Φ16/,28.5,7.05,#Φ16/28.5,,# Φ18/,28.5,8.93,#Φ18/28.5,,# Φ20/,28.5,11.02,#Φ20/28.5
# Φ10/,29,2.71,#Φ10/29,,# Φ12/,29,3.9,#Φ12/29,,# Φ14/,29,5.31,#Φ14/29,,# Φ16/,29,6.93,#Φ16/29,,# Φ18/,29,8.77,#Φ18/29,,# Φ20/,29,10.83,#Φ20/29
# Φ10/,29.5,2.66,#Φ10/29.5,,# Φ12/,29.5,3.83,#Φ12/29.5,,# Φ14/,29.5,5.22,#Φ14/29.5,,# Φ16/,29.5,6.82,#Φ16/29.5,,# Φ18/,29.5,8.63,#Φ18/29.5,,# Φ20/,29.5,10.65,#Φ20/29.5
# Φ10/,30,2.62,#Φ10/30,,# Φ12/,30,3.77,#Φ12/30,,# Φ14/,30,5.13,#Φ14/30,,# Φ16/,30,6.7,#Φ16/30,,# Φ18/,30,8.48,#Φ18/30,,# Φ20/,30,10.47,#Φ20/30
# Φ10/,30.5,2.58,#Φ10/30.5,,# Φ12/,30.5,3.71,#Φ12/30.5,,# Φ14/,30.5,5.05,#Φ14/30.5,,# Φ16/,30.5,6.59,#Φ16/30.5,,# Φ18/,30.5,8.34,#Φ18/30.5,,# Φ20/,30.5,10.3,#Φ20/30.5
# Φ10/,31,2.53,#Φ10/31,,# Φ12/,31,3.65,#Φ12/31,,# Φ14/,31,4.97,#Φ14/31,,# Φ16/,31,6.49,#Φ16/31,,# Φ18/,31,8.21,#Φ18/31,,# Φ20/,31,10.13,#Φ20/31
# Φ10/,31.5,2.49,#Φ10/31.5,,# Φ12/,31.5,3.59,#Φ12/31.5,,# Φ14/,31.5,4.89,#Φ14/31.5,,# Φ16/,31.5,6.38,#Φ16/31.5,,# Φ18/,31.5,8.08,#Φ18/31.5,,# Φ20/,31.5,9.97,#Φ20/31.5
# Φ10/,32,2.45,#Φ10/32,,# Φ12/,32,3.53,#Φ12/32,,# Φ14/,32,4.81,#Φ14/32,,# Φ16/,32,6.28,#Φ16/32,,# Φ18/,32,7.95,#Φ18/32,,# Φ20/,32,9.82,#Φ20/32
# Φ10/,32.5,2.42,#Φ10/32.5,,# Φ12/,32.5,3.48,#Φ12/32.5,,# Φ14/,32.5,4.74,#Φ14/32.5,,# Φ16/,32.5,6.19,#Φ16/32.5,,# Φ18/,32.5,7.83,#Φ18/32.5,,# Φ20/,32.5,9.67,#Φ20/32.5
# Φ10/,33,2.38,#Φ10/33,,# Φ12/,33,3.43,#Φ12/33,,# Φ14/,33,4.66,#Φ14/33,,# Φ16/,33,6.09,#Φ16/33,,# Φ18/,33,7.71,#Φ18/33,,# Φ20/,33,9.52,#Φ20/33
# Φ10/,33.5,2.34,#Φ10/33.5,,# Φ12/,33.5,3.38,#Φ12/33.5,,# Φ14/,33.5,4.6,#Φ14/33.5,,# Φ16/,33.5,6,#Φ16/33.5,,# Φ18/,33.5,7.6,#Φ18/33.5,,# Φ20/,33.5,9.38,#Φ20/33.5
# Φ10/,34,2.31,#Φ10/34,,# Φ12/,34,3.33,#Φ12/34,,# Φ14/,34,4.53,#Φ14/34,,# Φ16/,34,5.91,#Φ16/34,,# Φ18/,34,7.48,#Φ18/34,,# Φ20/,34,9.24,#Φ20/34
# Φ10/,34.5,2.28,#Φ10/34.5,,# Φ12/,34.5,3.28,#Φ12/34.5,,# Φ14/,34.5,4.46,#Φ14/34.5,,# Φ16/,34.5,5.83,#Φ16/34.5,,# Φ18/,34.5,7.38,#Φ18/34.5,,# Φ20/,34.5,9.11,#Φ20/34.5
# Φ10/,35,2.24,#Φ10/35,,# Φ12/,35,3.23,#Φ12/35,,# Φ14/,35,4.4,#Φ14/35,,# Φ16/,35,5.74,#Φ16/35,,# Φ18/,35,7.27,#Φ18/35,,# Φ20/,35,8.98,#Φ20/35
# Φ10/,35.5,2.21,#Φ10/35.5,,# Φ12/,35.5,3.19,#Φ12/35.5,,# Φ14/,35.5,4.34,#Φ14/35.5,,# Φ16/,35.5,5.66,#Φ16/35.5,,# Φ18/,35.5,7.17,#Φ18/35.5,,# Φ20/,35.5,8.85,#Φ20/35.5
# Φ10/,36,2.18,#Φ10/36,,# Φ12/,36,3.14,#Φ12/36,,# Φ14/,36,4.28,#Φ14/36,,# Φ16/,36,5.59,#Φ16/36,,# Φ18/,36,7.07,#Φ18/36,,# Φ20/,36,8.73,#Φ20/36
# Φ10/,36.5,2.15,#Φ10/36.5,,# Φ12/,36.5,3.1,#Φ12/36.5,,# Φ14/,36.5,4.22,#Φ14/36.5,,# Φ16/,36.5,5.51,#Φ16/36.5,,# Φ18/,36.5,6.97,#Φ18/36.5,,# Φ20/,36.5,8.61,#Φ20/36.5
# Φ10/,37,2.12,#Φ10/37,,# Φ12/,37,3.06,#Φ12/37,,# Φ14/,37,4.16,#Φ14/37,,# Φ16/,37,5.43,#Φ16/37,,# Φ18/,37,6.88,#Φ18/37,,# Φ20/,37,8.49,#Φ20/37
# Φ10/,37.5,2.09,#Φ10/37.5,,# Φ12/,37.5,3.02,#Φ12/37.5,,# Φ14/,37.5,4.11,#Φ14/37.5,,# Φ16/,37.5,5.36,#Φ16/37.5,,# Φ18/,37.5,6.79,#Φ18/37.5,,# Φ20/,37.5,8.38,#Φ20/37.5
# Φ10/,38,2.07,#Φ10/38,,# Φ12/,38,2.98,#Φ12/38,,# Φ14/,38,4.05,#Φ14/38,,# Φ16/,38,5.29,#Φ16/38,,# Φ18/,38,6.7,#Φ18/38,,# Φ20/,38,8.27,#Φ20/38
# Φ10/,38.5,2.04,#Φ10/38.5,,# Φ12/,38.5,2.94,#Φ12/38.5,,# Φ14/,38.5,4,#Φ14/38.5,,# Φ16/,38.5,5.22,#Φ16/38.5,,# Φ18/,38.5,6.61,#Φ18/38.5,,# Φ20/,38.5,8.16,#Φ20/38.5
# Φ10/,39,2.01,#Φ10/39,,# Φ12/,39,2.9,#Φ12/39,,# Φ14/,39,3.95,#Φ14/39,,# Φ16/,39,5.16,#Φ16/39,,# Φ18/,39,6.52,#Φ18/39,,# Φ20/,39,8.06,#Φ20/39
# Φ10/,39.5,1.99,#Φ10/39.5,,# Φ12/,39.5,2.86,#Φ12/39.5,,# Φ14/,39.5,3.9,#Φ14/39.5,,# Φ16/,39.5,5.09,#Φ16/39.5,,# Φ18/,39.5,6.44,#Φ18/39.5,,# Φ20/,39.5,7.95,#Φ20/39.5
# Φ10/,40,1.96,#Φ10/40,,# Φ12/,40,2.83,#Φ12/40,,# Φ14/,40,3.85,#Φ14/40,,# Φ16/,40,5.03,#Φ16/40,,# Φ18/,40,6.36,#Φ18/40,,# Φ20/,40,7.85,#Φ20/40
# Φ10/,40.5,1.94,#Φ10/40.5,,# Φ12/,40.5,2.79,#Φ12/40.5,,# Φ14/,40.5,3.8,#Φ14/40.5,,# Φ16/,40.5,4.96,#Φ16/40.5,,# Φ18/,40.5,6.28,#Φ18/40.5,,# Φ20/,40.5,7.76,#Φ20/40.5
# Φ10/,41,1.92,#Φ10/41,,# Φ12/,41,2.76,#Φ12/41,,# Φ14/,41,3.75,#Φ14/41,,# Φ16/,41,4.9,#Φ16/41,,# Φ18/,41,6.21,#Φ18/41,,# Φ20/,41,7.66,#Φ20/41
# Φ10/,41.5,1.89,#Φ10/41.5,,# Φ12/,41.5,2.73,#Φ12/41.5,,# Φ14/,41.5,3.71,#Φ14/41.5,,# Φ16/,41.5,4.84,#Φ16/41.5,,# Φ18/,41.5,6.13,#Φ18/41.5,,# Φ20/,41.5,7.57,#Φ20/41.5
# Φ10/,42,1.87,#Φ10/42,,# Φ12/,42,2.69,#Φ12/42,,# Φ14/,42,3.67,#Φ14/42,,# Φ16/,42,4.79,#Φ16/42,,# Φ18/,42,6.06,#Φ18/42,,# Φ20/,42,7.48,#Φ20/42
# Φ10/,42.5,1.85,#Φ10/42.5,,# Φ12/,42.5,2.66,#Φ12/42.5,,# Φ14/,42.5,3.62,#Φ14/42.5,,# Φ16/,42.5,4.73,#Φ16/42.5,,# Φ18/,42.5,5.99,#Φ18/42.5,,# Φ20/,42.5,7.39,#Φ20/42.5
# Φ10/,43,1.83,#Φ10/43,,# Φ12/,43,2.63,#Φ12/43,,# Φ14/,43,3.58,#Φ14/43,,# Φ16/,43,4.68,#Φ16/43,,# Φ18/,43,5.92,#Φ18/43,,# Φ20/,43,7.31,#Φ20/43
# Φ10/,43.5,1.81,#Φ10/43.5,,# Φ12/,43.5,2.6,#Φ12/43.5,,# Φ14/,43.5,3.54,#Φ14/43.5,,# Φ16/,43.5,4.62,#Φ16/43.5,,# Φ18/,43.5,5.85,#Φ18/43.5,,# Φ20/,43.5,7.22,#Φ20/43.5
# Φ10/,44,1.78,#Φ10/44,,# Φ12/,44,2.57,#Φ12/44,,# Φ14/,44,3.5,#Φ14/44,,# Φ16/,44,4.57,#Φ16/44,,# Φ18/,44,5.78,#Φ18/44,,# Φ20/,44,7.14,#Φ20/44
# Φ10/,44.5,1.76,#Φ10/44.5,,# Φ12/,44.5,2.54,#Φ12/44.5,,# Φ14/,44.5,3.46,#Φ14/44.5,,# Φ16/,44.5,4.52,#Φ16/44.5,,# Φ18/,44.5,5.72,#Φ18/44.5,,# Φ20/,44.5,7.06,#Φ20/44.5
# Φ10/,45,1.75,#Φ10/45,,# Φ12/,45,2.51,#Φ12/45,,# Φ14/,45,3.42,#Φ14/45,,# Φ16/,45,4.47,#Φ16/45,,# Φ18/,45,5.65,#Φ18/45,,# Φ20/,45,6.98,#Φ20/45
# Φ10/,45.5,1.73,#Φ10/45.5,,# Φ12/,45.5,2.49,#Φ12/45.5,,# Φ14/,45.5,3.38,#Φ14/45.5,,# Φ16/,45.5,4.42,#Φ16/45.5,,# Φ18/,45.5,5.59,#Φ18/45.5,,# Φ20/,45.5,6.9,#Φ20/45.5
# Φ10/,46,1.71,#Φ10/46,,# Φ12/,46,2.46,#Φ12/46,,# Φ14/,46,3.35,#Φ14/46,,# Φ16/,46,4.37,#Φ16/46,,# Φ18/,46,5.53,#Φ18/46,,# Φ20/,46,6.83,#Φ20/46
# Φ10/,46.5,1.69,#Φ10/46.5,,# Φ12/,46.5,2.43,#Φ12/46.5,,# Φ14/,46.5,3.31,#Φ14/46.5,,# Φ16/,46.5,4.32,#Φ16/46.5,,# Φ18/,46.5,5.47,#Φ18/46.5,,# Φ20/,46.5,6.76,#Φ20/46.5
# Φ10/,47,1.67,#Φ10/47,,# Φ12/,47,2.41,#Φ12/47,,# Φ14/,47,3.28,#Φ14/47,,# Φ16/,47,4.28,#Φ16/47,,# Φ18/,47,5.41,#Φ18/47,,# Φ20/,47,6.68,#Φ20/47
# Φ10/,47.5,1.65,#Φ10/47.5,,# Φ12/,47.5,2.38,#Φ12/47.5,,# Φ14/,47.5,3.24,#Φ14/47.5,,# Φ16/,47.5,4.23,#Φ16/47.5,,# Φ18/,47.5,5.36,#Φ18/47.5,,# Φ20/,47.5,6.61,#Φ20/47.5
# Φ10/,48,1.64,#Φ10/48,,# Φ12/,48,2.36,#Φ12/48,,# Φ14/,48,3.21,#Φ14/48,,# Φ16/,48,4.19,#Φ16/48,,# Φ18/,48,5.3,#Φ18/48,,# Φ20/,48,6.54,#Φ20/48
# Φ10/,48.5,1.62,#Φ10/48.5,,# Φ12/,48.5,2.33,#Φ12/48.5,,# Φ14/,48.5,3.17,#Φ14/48.5,,# Φ16/,48.5,4.15,#Φ16/48.5,,# Φ18/,48.5,5.25,#Φ18/48.5,,# Φ20/,48.5,6.48,#Φ20/48.5
# Φ10/,49,1.6,#Φ10/49,,# Φ12/,49,2.31,#Φ12/49,,# Φ14/,49,3.14,#Φ14/49,,# Φ16/,49,4.1,#Φ16/49,,# Φ18/,49,5.19,#Φ18/49,,# Φ20/,49,6.41,#Φ20/49
# Φ10/,49.5,1.59,#Φ10/49.5,,# Φ12/,49.5,2.28,#Φ12/49.5,,# Φ14/,49.5,3.11,#Φ14/49.5,,# Φ16/,49.5,4.06,#Φ16/49.5,,# Φ18/,49.5,5.14,#Φ18/49.5,,# Φ20/,49.5,6.35,#Φ20/49.5
# Φ10/,50,1.57,#Φ10/50,,# Φ12/,50,2.26,#Φ12/50,,# Φ14/,50,3.08,#Φ14/50,,# Φ16/,50,4.02,#Φ16/50,,# Φ18/,50,5.09,#Φ18/50,,# Φ20/,50,6.28,#Φ20/50
